{"cameraMode":{"drawMode":0,"name":"Shaded","section":"Shading Mode"},"sceneLighting":true,"audioPlay":false,"sceneViewState":{"m_AlwaysRefresh":false,"showFog":true,"showSkybox":true,"showFlares":true,"showImageEffects":true,"showParticleSystems":true,"showVisualEffectGraphs":true,"m_FxEnabled":true},"in2DMode":false,"pivot":{"x":18.95939064025879,"y":10.097535133361817,"z":7.903751850128174},"rotation":{"x":0.050630055367946628,"y":0.09821446239948273,"z":-0.005029022693634033,"w":0.9938929677009583},"size":13.091718673706055,"orthographic":true}