{"cameraMode":{"drawMode":0,"name":"Shaded","section":"Shading Mode"},"sceneLighting":true,"audioPlay":false,"sceneViewState":{"m_AlwaysRefresh":false,"showFog":true,"showSkybox":true,"showFlares":true,"showImageEffects":true,"showParticleSystems":true,"showVisualEffectGraphs":true,"m_FxEnabled":true},"in2DMode":false,"pivot":{"x":12.800000190734864,"y":1.3240000009536744,"z":2.9800002574920656},"rotation":{"x":0.1348932534456253,"y":-0.44243332743644717,"z":0.06747125834226608,"w":0.8840605020523071},"size":5.333835601806641,"orthographic":true}